"File","Count"
"C:\xampp\htdocs\index\404.html","1"
"C:\xampp\htdocs\index\about.html","1"
"C:\xampp\htdocs\index\cloud.html","1"
"C:\xampp\htdocs\index\commands.html","1"
"C:\xampp\htdocs\index\cybersecurity.html","1"
"C:\xampp\htdocs\index\index.html","1"
"C:\xampp\htdocs\index\linux.html","1"
"C:\xampp\htdocs\index\networking.html","1"
"C:\xampp\htdocs\index\quiz.html","1"
"C:\xampp\htdocs\index\resources.html","1"
"C:\xampp\htdocs\index\servers.html","1"
"C:\xampp\htdocs\index\topics.html","1"
"C:\xampp\htdocs\index\windows.html","1"
"C:\xampp\htdocs\index\components\footer.html","0"
"C:\xampp\htdocs\index\components\header.html","0"
"C:\xampp\htdocs\index\legal\disclaimer.html","1"
"C:\xampp\htdocs\index\legal\privacy.html","1"
"C:\xampp\htdocs\index\legal\terms.html","1"
"C:\xampp\htdocs\index\tutorials\networking\access-control-lists-explained.html","1"
"C:\xampp\htdocs\index\tutorials\networking\access-port-vs-trunk-port.html","1"
"C:\xampp\htdocs\index\tutorials\networking\advanced-dns-troubleshooting.html","1"
"C:\xampp\htdocs\index\tutorials\networking\advanced-vlan-troubleshooting.html","1"
"C:\xampp\htdocs\index\tutorials\networking\bandwidth-vs-throughput-explained.html","1"
"C:\xampp\htdocs\index\tutorials\networking\bgp-basics.html","1"
"C:\xampp\htdocs\index\tutorials\networking\common-network-ports.html","1"
"C:\xampp\htdocs\index\tutorials\networking\dhcp-relay-ip-helper-explained.html","1"
"C:\xampp\htdocs\index\tutorials\networking\dhcp-troubleshooting-guide.html","1"
"C:\xampp\htdocs\index\tutorials\networking\dns-record-types-explained.html","1"
"C:\xampp\htdocs\index\tutorials\networking\dns-troubleshooting-guide.html","1"
"C:\xampp\htdocs\index\tutorials\networking\duplex-mismatch-and-speed-negotiation.html","1"
"C:\xampp\htdocs\index\tutorials\networking\enterprise-network-troubleshooting-case-studies.html","1"
"C:\xampp\htdocs\index\tutorials\networking\hub-vs-switch.html","1"
"C:\xampp\htdocs\index\tutorials\networking\icmp-explained.html","1"
"C:\xampp\htdocs\index\tutorials\networking\ipv6-fundamentals.html","1"
"C:\xampp\htdocs\index\tutorials\networking\jitter-explained.html","1"
"C:\xampp\htdocs\index\tutorials\networking\lacp-link-aggregation-explained.html","1"
"C:\xampp\htdocs\index\tutorials\networking\lan-vs-wan.html","1"
"C:\xampp\htdocs\index\tutorials\networking\mtu-and-mss-explained.html","1"
"C:\xampp\htdocs\index\tutorials\networking\netflow-ipfix-explained.html","1"
"C:\xampp\htdocs\index\tutorials\networking\network-baseline-and-capacity-planning.html","1"
"C:\xampp\htdocs\index\tutorials\networking\network-latency-troubleshooting.html","1"
"C:\xampp\htdocs\index\tutorials\networking\network-monitoring-fundamentals.html","1"
"C:\xampp\htdocs\index\tutorials\networking\network-troubleshooting-workflow.html","1"
"C:\xampp\htdocs\index\tutorials\networking\osi-model-explained.html","1"
"C:\xampp\htdocs\index\tutorials\networking\ospf-basics.html","1"
"C:\xampp\htdocs\index\tutorials\networking\packet-loss-troubleshooting.html","1"
"C:\xampp\htdocs\index\tutorials\networking\ping-explained.html","1"
"C:\xampp\htdocs\index\tutorials\networking\port-forwarding-and-dnat-explained.html","1"
"C:\xampp\htdocs\index\tutorials\networking\public-vs-private-ip-address.html","1"
"C:\xampp\htdocs\index\tutorials\networking\qos-explained.html","1"
"C:\xampp\htdocs\index\tutorials\networking\remote-access-vpn-explained.html","1"
"C:\xampp\htdocs\index\tutorials\networking\router-vs-switch.html","1"
"C:\xampp\htdocs\index\tutorials\networking\routing-table-explained.html","1"
"C:\xampp\htdocs\index\tutorials\networking\site-to-site-vpn-explained.html","1"
"C:\xampp\htdocs\index\tutorials\networking\snmp-explained.html","1"
"C:\xampp\htdocs\index\tutorials\networking\spanning-tree-protocol-explained.html","1"
"C:\xampp\htdocs\index\tutorials\networking\stateful-firewall-explained.html","1"
"C:\xampp\htdocs\index\tutorials\networking\static-vs-dynamic-routing.html","1"
"C:\xampp\htdocs\index\tutorials\networking\subnetting-basics.html","1"
"C:\xampp\htdocs\index\tutorials\networking\syslog-explained.html","1"
"C:\xampp\htdocs\index\tutorials\networking\tcp-ip-model-explained.html","1"
"C:\xampp\htdocs\index\tutorials\networking\tcp-vs-udp.html","1"
"C:\xampp\htdocs\index\tutorials\networking\traceroute-explained.html","1"
"C:\xampp\htdocs\index\tutorials\networking\unicast-vs-broadcast-vs-multicast.html","1"
"C:\xampp\htdocs\index\tutorials\networking\vpn-troubleshooting-workflow.html","1"
"C:\xampp\htdocs\index\tutorials\networking\vrrp-hsrp-gateway-redundancy.html","1"
"C:\xampp\htdocs\index\tutorials\networking\what-is-a-computer-network.html","1"
"C:\xampp\htdocs\index\tutorials\networking\what-is-a-default-gateway.html","1"
"C:\xampp\htdocs\index\tutorials\networking\what-is-a-mac-address.html","1"
"C:\xampp\htdocs\index\tutorials\networking\what-is-a-subnet-mask.html","1"
"C:\xampp\htdocs\index\tutorials\networking\what-is-an-ip-address.html","1"
"C:\xampp\htdocs\index\tutorials\networking\what-is-arp.html","1"
"C:\xampp\htdocs\index\tutorials\networking\what-is-dhcp.html","1"
"C:\xampp\htdocs\index\tutorials\networking\what-is-dns.html","1"
"C:\xampp\htdocs\index\tutorials\networking\what-is-nat.html","1"
"C:\xampp\htdocs\index\tutorials\networking\what-is-routing.html","1"
"C:\xampp\htdocs\index\tutorials\networking\what-is-vlan.html","1"
"C:\xampp\htdocs\index\tutorials\networking\wi-fi-2-4-ghz-vs-5-ghz-vs-6-ghz.html","1"
"C:\xampp\htdocs\index\tutorials\networking\wireshark-basics.html","1"
