"File","Title","Description","Canonical","Robots","H1Count","OgUrl"
"404.html","Page Not Found | MJ Tech Hub","The requested page could not be found on MJ Tech Hub.","https://mjtechhub.github.io/index/404.html","","1","https://mjtechhub.github.io/index/404.html"
"about.html","About MJ Tech Hub | Practical IT Learning","Learn about MJ Tech Hub, a practical IT learning platform covering networking, Windows, Linux, servers, cybersecurity, cloud, commands and troubleshooting.","https://mjtechhub.github.io/index/about.html","","1","https://mjtechhub.github.io/index/about.html"
"cloud.html","Cloud | MJ Tech Hub","Cloud on MJ Tech Hub.","https://mjtechhub.github.io/index/cloud.html","","1","https://mjtechhub.github.io/index/cloud.html"
"commands.html","Command Library | MJ Tech Hub","A curated library of essential CLI commands for Windows, Linux, and Networking.","https://mjtechhub.github.io/index/commands.html","","1","https://mjtechhub.github.io/index/commands.html"
"cybersecurity.html","Cybersecurity | MJ Tech Hub","Cybersecurity on MJ Tech Hub.","https://mjtechhub.github.io/index/cybersecurity.html","","1","https://mjtechhub.github.io/index/cybersecurity.html"
"index.html","MJ Tech Hub | Learn Networking, Windows, Linux & IT","Your ultimate platform to Learn, Troubleshoot, and Build robust IT infrastructure and network environments.","https://mjtechhub.github.io/index/","","0","https://mjtechhub.github.io/index/"
"linux.html","Linux | MJ Tech Hub","Linux on MJ Tech Hub.","https://mjtechhub.github.io/index/linux.html","","1","https://mjtechhub.github.io/index/linux.html"
"networking.html","Networking Tutorials & Guides | MJ Tech Hub","Master computer networking with our comprehensive guides on TCP/IP, routing, switching, and network troubleshooting.","https://mjtechhub.github.io/index/networking.html","","1","https://mjtechhub.github.io/index/networking.html"
"quiz.html","Practice Quizzes | MJ Tech Hub","Test your IT knowledge with interactive practice quizzes for networking and system administration.","https://mjtechhub.github.io/index/quiz.html","","1","https://mjtechhub.github.io/index/quiz.html"
"resources.html","IT Resources & Cheat Sheets | MJ Tech Hub","Explore practical IT resources, command references, networking tutorials, troubleshooting guides and upcoming cheat sheets from MJ Tech Hub.","https://mjtechhub.github.io/index/resources.html","","1","https://mjtechhub.github.io/index/resources.html"
"servers.html","Servers | MJ Tech Hub","Servers on MJ Tech Hub.","https://mjtechhub.github.io/index/servers.html","","1","https://mjtechhub.github.io/index/servers.html"
"topics.html","Explore IT Topics | MJ Tech Hub","Browse our comprehensive library of tutorials covering Networking, Windows, Linux, Servers, and Cybersecurity.","https://mjtechhub.github.io/index/topics.html","","1","https://mjtechhub.github.io/index/topics.html"
"windows.html","Windows | MJ Tech Hub","Windows on MJ Tech Hub.","https://mjtechhub.github.io/index/windows.html","","1","https://mjtechhub.github.io/index/windows.html"
"components/footer.html","","","","","0",""
"components/header.html","","","","","0",""
"legal/disclaimer.html","Disclaimer | MJ Tech Hub","Disclaimer for MJ Tech Hub.","https://mjtechhub.github.io/index/legal/disclaimer.html","","1",""
"legal/privacy.html","Privacy Policy | MJ Tech Hub","Privacy Policy for MJ Tech Hub.","https://mjtechhub.github.io/index/legal/privacy.html","","1",""
"legal/terms.html","Terms of Service | MJ Tech Hub","Terms of Service for MJ Tech Hub - Your IT Educational Resource.","https://mjtechhub.github.io/index/legal/terms.html","","1",""
"tutorials/networking/access-control-lists-explained.html","Access Control Lists (ACLs) Explained | Networking Tutorial | MJ Tech Hub","Learn about Access Control Lists (ACLs) Explained in this Networking tutorial.","https://mjtechhub.github.io/index/tutorials/networking/access-control-lists-explained.html","","1","https://mjtechhub.github.io/index/tutorials/networking/access-control-lists-explained.html"
"tutorials/networking/access-port-vs-trunk-port.html","Access Port vs Trunk Port | Networking Tutorial | MJ Tech Hub","Learn the difference between access ports and trunk ports in VLAN configurations.","https://mjtechhub.github.io/index/tutorials/networking/access-port-vs-trunk-port.html","","1","https://mjtechhub.github.io/index/tutorials/networking/access-port-vs-trunk-port.html"
"tutorials/networking/advanced-dns-troubleshooting.html","Advanced DNS Troubleshooting | Networking Tutorial | MJ Tech Hub","Learn about Advanced DNS Troubleshooting in this Networking tutorial.","https://mjtechhub.github.io/index/tutorials/networking/advanced-dns-troubleshooting.html","","1","https://mjtechhub.github.io/index/tutorials/networking/advanced-dns-troubleshooting.html"
"tutorials/networking/advanced-vlan-troubleshooting.html","Advanced VLAN Troubleshooting | Networking Tutorial | MJ Tech Hub","Learn about Advanced VLAN Troubleshooting in this Networking tutorial.","https://mjtechhub.github.io/index/tutorials/networking/advanced-vlan-troubleshooting.html","","1","https://mjtechhub.github.io/index/tutorials/networking/advanced-vlan-troubleshooting.html"
"tutorials/networking/bandwidth-vs-throughput-explained.html","Bandwidth vs Throughput Explained | Networking Tutorial | MJ Tech Hub","Learn about Bandwidth vs Throughput Explained in this Networking tutorial.","https://mjtechhub.github.io/index/tutorials/networking/bandwidth-vs-throughput-explained.html","","1","https://mjtechhub.github.io/index/tutorials/networking/bandwidth-vs-throughput-explained.html"
"tutorials/networking/bgp-basics.html","BGP Basics | Networking Tutorial | MJ Tech Hub","Learn about BGP Basics in this Networking tutorial.","https://mjtechhub.github.io/index/tutorials/networking/bgp-basics.html","","1","https://mjtechhub.github.io/index/tutorials/networking/bgp-basics.html"
"tutorials/networking/common-network-ports.html","Common Network Ports | Networking Tutorial | MJ Tech Hub","A quick reference guide for essential TCP and UDP ports.","https://mjtechhub.github.io/index/tutorials/networking/common-network-ports.html","","1","https://mjtechhub.github.io/index/tutorials/networking/common-network-ports.html"
"tutorials/networking/dhcp-relay-ip-helper-explained.html","DHCP Relay / IP Helper Explained | Networking Tutorial | MJ Tech Hub","Learn about DHCP Relay / IP Helper Explained in this Networking tutorial.","https://mjtechhub.github.io/index/tutorials/networking/dhcp-relay-ip-helper-explained.html","","1","https://mjtechhub.github.io/index/tutorials/networking/dhcp-relay-ip-helper-explained.html"
"tutorials/networking/dhcp-troubleshooting-guide.html","DHCP Troubleshooting Guide | Networking Tutorial | MJ Tech Hub","Learn how to diagnose and resolve DHCP IP assignment failures.","https://mjtechhub.github.io/index/tutorials/networking/dhcp-troubleshooting-guide.html","","1","https://mjtechhub.github.io/index/tutorials/networking/dhcp-troubleshooting-guide.html"
"tutorials/networking/dns-record-types-explained.html","DNS Record Types Explained | Networking Tutorial | MJ Tech Hub","Learn about DNS Record Types Explained in this Networking tutorial.","https://mjtechhub.github.io/index/tutorials/networking/dns-record-types-explained.html","","1","https://mjtechhub.github.io/index/tutorials/networking/dns-record-types-explained.html"
"tutorials/networking/dns-troubleshooting-guide.html","DNS Troubleshooting Guide | Networking Tutorial | MJ Tech Hub","A practical step-by-step guide to troubleshooting DNS name resolution issues.","https://mjtechhub.github.io/index/tutorials/networking/dns-troubleshooting-guide.html","","1","https://mjtechhub.github.io/index/tutorials/networking/dns-troubleshooting-guide.html"
"tutorials/networking/duplex-mismatch-and-speed-negotiation.html","Duplex Mismatch & Speed Negotiation | Networking Tutorial | MJ Tech Hub","Learn about Duplex Mismatch & Speed Negotiation in this Networking tutorial.","https://mjtechhub.github.io/index/tutorials/networking/duplex-mismatch-and-speed-negotiation.html","","1","https://mjtechhub.github.io/index/tutorials/networking/duplex-mismatch-and-speed-negotiation.html"
"tutorials/networking/enterprise-network-troubleshooting-case-studies.html","Enterprise Network Troubleshooting Case Studies | Networking Tutorial | MJ Tech Hub","Learn about Enterprise Network Troubleshooting Case Studies in this Networking tutorial.","https://mjtechhub.github.io/index/tutorials/networking/enterprise-network-troubleshooting-case-studies.html","","1","https://mjtechhub.github.io/index/tutorials/networking/enterprise-network-troubleshooting-case-studies.html"
"tutorials/networking/hub-vs-switch.html","Hub vs Switch | Networking Tutorial | MJ Tech Hub","Learn why modern networks use Switches instead of legacy Hubs.","https://mjtechhub.github.io/index/tutorials/networking/hub-vs-switch.html","","1","https://mjtechhub.github.io/index/tutorials/networking/hub-vs-switch.html"
"tutorials/networking/icmp-explained.html","ICMP Explained | Networking Tutorial | MJ Tech Hub","Understand the Internet Control Message Protocol used for network diagnostics.","https://mjtechhub.github.io/index/tutorials/networking/icmp-explained.html","","1","https://mjtechhub.github.io/index/tutorials/networking/icmp-explained.html"
"tutorials/networking/ipv6-fundamentals.html","IPv6 Fundamentals | Networking Tutorial | MJ Tech Hub","Learn about IPv6 Fundamentals in this Networking tutorial.","https://mjtechhub.github.io/index/tutorials/networking/ipv6-fundamentals.html","","1","https://mjtechhub.github.io/index/tutorials/networking/ipv6-fundamentals.html"
"tutorials/networking/jitter-explained.html","Jitter Explained | Networking Tutorial | MJ Tech Hub","Learn about Jitter Explained in this Networking tutorial.","https://mjtechhub.github.io/index/tutorials/networking/jitter-explained.html","","1","https://mjtechhub.github.io/index/tutorials/networking/jitter-explained.html"
"tutorials/networking/lacp-link-aggregation-explained.html","LACP / Link Aggregation Explained | Networking Tutorial | MJ Tech Hub","Learn about LACP / Link Aggregation Explained in this Networking tutorial.","https://mjtechhub.github.io/index/tutorials/networking/lacp-link-aggregation-explained.html","","1","https://mjtechhub.github.io/index/tutorials/networking/lacp-link-aggregation-explained.html"
"tutorials/networking/lan-vs-wan.html","LAN vs WAN | Networking Tutorial | MJ Tech Hub","Networks are categorized by their geographic scope. The two most common types are LAN and WAN.","https://mjtechhub.github.io/index/tutorials/networking/lan-vs-wan.html","","1","https://mjtechhub.github.io/index/tutorials/networking/lan-vs-wan.html"
"tutorials/networking/mtu-and-mss-explained.html","MTU and MSS Explained | Networking Tutorial | MJ Tech Hub","Learn about MTU and MSS Explained in this Networking tutorial.","https://mjtechhub.github.io/index/tutorials/networking/mtu-and-mss-explained.html","","1","https://mjtechhub.github.io/index/tutorials/networking/mtu-and-mss-explained.html"
"tutorials/networking/netflow-ipfix-explained.html","NetFlow / IPFIX Explained | Networking Tutorial | MJ Tech Hub","Learn about NetFlow / IPFIX Explained in this Networking tutorial.","https://mjtechhub.github.io/index/tutorials/networking/netflow-ipfix-explained.html","","1","https://mjtechhub.github.io/index/tutorials/networking/netflow-ipfix-explained.html"
"tutorials/networking/network-baseline-and-capacity-planning.html","Network Baseline & Capacity Planning | Networking Tutorial | MJ Tech Hub","Learn about Network Baseline & Capacity Planning in this Networking tutorial.","https://mjtechhub.github.io/index/tutorials/networking/network-baseline-and-capacity-planning.html","","1","https://mjtechhub.github.io/index/tutorials/networking/network-baseline-and-capacity-planning.html"
"tutorials/networking/network-latency-troubleshooting.html","Network Latency Troubleshooting | Networking Tutorial | MJ Tech Hub","Learn about Network Latency Troubleshooting in this Networking tutorial.","https://mjtechhub.github.io/index/tutorials/networking/network-latency-troubleshooting.html","","1","https://mjtechhub.github.io/index/tutorials/networking/network-latency-troubleshooting.html"
"tutorials/networking/network-monitoring-fundamentals.html","Network Monitoring Fundamentals | Networking Tutorial | MJ Tech Hub","Learn about Network Monitoring Fundamentals in this Networking tutorial.","https://mjtechhub.github.io/index/tutorials/networking/network-monitoring-fundamentals.html","","1","https://mjtechhub.github.io/index/tutorials/networking/network-monitoring-fundamentals.html"
"tutorials/networking/network-troubleshooting-workflow.html","Network Troubleshooting Workflow | Networking Tutorial | MJ Tech Hub","A structured workflow for isolating and resolving complex network connectivity problems.","https://mjtechhub.github.io/index/tutorials/networking/network-troubleshooting-workflow.html","","1","https://mjtechhub.github.io/index/tutorials/networking/network-troubleshooting-workflow.html"
"tutorials/networking/osi-model-explained.html","OSI Model Explained | Networking Tutorial | MJ Tech Hub","Understand the 7 layers of the OSI model for network troubleshooting.","https://mjtechhub.github.io/index/tutorials/networking/osi-model-explained.html","","1","https://mjtechhub.github.io/index/tutorials/networking/osi-model-explained.html"
"tutorials/networking/ospf-basics.html","OSPF Basics | Networking Tutorial | MJ Tech Hub","Learn about OSPF Basics in this Networking tutorial.","https://mjtechhub.github.io/index/tutorials/networking/ospf-basics.html","","1","https://mjtechhub.github.io/index/tutorials/networking/ospf-basics.html"
"tutorials/networking/packet-loss-troubleshooting.html","Packet Loss Troubleshooting | Networking Tutorial | MJ Tech Hub","Learn about Packet Loss Troubleshooting in this Networking tutorial.","https://mjtechhub.github.io/index/tutorials/networking/packet-loss-troubleshooting.html","","1","https://mjtechhub.github.io/index/tutorials/networking/packet-loss-troubleshooting.html"
"tutorials/networking/ping-explained.html","Ping Explained | Networking Tutorial | MJ Tech Hub","Ping is a network utility used to test the reachability of a host on an IP network. It sends ICMP Echo Request packets and waits for an Echo Reply.","https://mjtechhub.github.io/index/tutorials/networking/ping-explained.html","","1","https://mjtechhub.github.io/index/tutorials/networking/ping-explained.html"
"tutorials/networking/port-forwarding-and-dnat-explained.html","Port Forwarding and DNAT Explained | Networking Tutorial | MJ Tech Hub","Learn about Port Forwarding and DNAT Explained in this Networking tutorial.","https://mjtechhub.github.io/index/tutorials/networking/port-forwarding-and-dnat-explained.html","","1","https://mjtechhub.github.io/index/tutorials/networking/port-forwarding-and-dnat-explained.html"
"tutorials/networking/public-vs-private-ip-address.html","Public vs Private IP Address | Networking Tutorial | MJ Tech Hub","IP addresses are split into public and private ranges to conserve addresses and improve security.","https://mjtechhub.github.io/index/tutorials/networking/public-vs-private-ip-address.html","","1","https://mjtechhub.github.io/index/tutorials/networking/public-vs-private-ip-address.html"
"tutorials/networking/qos-explained.html","QoS Explained | Networking Tutorial | MJ Tech Hub","Learn about QoS Explained in this Networking tutorial.","https://mjtechhub.github.io/index/tutorials/networking/qos-explained.html","","1","https://mjtechhub.github.io/index/tutorials/networking/qos-explained.html"
"tutorials/networking/remote-access-vpn-explained.html","Remote Access VPN Explained | Networking Tutorial | MJ Tech Hub","Learn about Remote Access VPN Explained in this Networking tutorial.","https://mjtechhub.github.io/index/tutorials/networking/remote-access-vpn-explained.html","","1","https://mjtechhub.github.io/index/tutorials/networking/remote-access-vpn-explained.html"
"tutorials/networking/router-vs-switch.html","Router vs Switch | Networking Tutorial | MJ Tech Hub","Understand the critical differences between Layer 2 Switches and Layer 3 Routers.","https://mjtechhub.github.io/index/tutorials/networking/router-vs-switch.html","","1","https://mjtechhub.github.io/index/tutorials/networking/router-vs-switch.html"
"tutorials/networking/routing-table-explained.html","Routing Table Explained | Networking Tutorial | MJ Tech Hub","Understand routing tables, next-hop, and longest prefix matching.","https://mjtechhub.github.io/index/tutorials/networking/routing-table-explained.html","","1","https://mjtechhub.github.io/index/tutorials/networking/routing-table-explained.html"
"tutorials/networking/site-to-site-vpn-explained.html","Site-to-Site VPN Explained | Networking Tutorial | MJ Tech Hub","Learn about Site-to-Site VPN Explained in this Networking tutorial.","https://mjtechhub.github.io/index/tutorials/networking/site-to-site-vpn-explained.html","","1","https://mjtechhub.github.io/index/tutorials/networking/site-to-site-vpn-explained.html"
"tutorials/networking/snmp-explained.html","SNMP Explained | Networking Tutorial | MJ Tech Hub","Learn about SNMP Explained in this Networking tutorial.","https://mjtechhub.github.io/index/tutorials/networking/snmp-explained.html","","1","https://mjtechhub.github.io/index/tutorials/networking/snmp-explained.html"
"tutorials/networking/spanning-tree-protocol-explained.html","Spanning Tree Protocol (STP) Explained | Networking Tutorial | MJ Tech Hub","Learn how STP prevents deadly Layer 2 loops in Ethernet networks.","https://mjtechhub.github.io/index/tutorials/networking/spanning-tree-protocol-explained.html","","1","https://mjtechhub.github.io/index/tutorials/networking/spanning-tree-protocol-explained.html"
"tutorials/networking/stateful-firewall-explained.html","Stateful Firewall Explained | Networking Tutorial | MJ Tech Hub","Learn about Stateful Firewall Explained in this Networking tutorial.","https://mjtechhub.github.io/index/tutorials/networking/stateful-firewall-explained.html","","1","https://mjtechhub.github.io/index/tutorials/networking/stateful-firewall-explained.html"
"tutorials/networking/static-vs-dynamic-routing.html","Static vs Dynamic Routing | Networking Tutorial | MJ Tech Hub","Learn the differences between static routing and dynamic routing protocols.","https://mjtechhub.github.io/index/tutorials/networking/static-vs-dynamic-routing.html","","1","https://mjtechhub.github.io/index/tutorials/networking/static-vs-dynamic-routing.html"
"tutorials/networking/subnetting-basics.html","Subnetting Basics | Networking Tutorial | MJ Tech Hub","Learn how to divide a single network into multiple smaller subnets.","https://mjtechhub.github.io/index/tutorials/networking/subnetting-basics.html","","1","https://mjtechhub.github.io/index/tutorials/networking/subnetting-basics.html"
"tutorials/networking/syslog-explained.html","Syslog Explained | Networking Tutorial | MJ Tech Hub","Learn about Syslog Explained in this Networking tutorial.","https://mjtechhub.github.io/index/tutorials/networking/syslog-explained.html","","1","https://mjtechhub.github.io/index/tutorials/networking/syslog-explained.html"
"tutorials/networking/tcp-ip-model-explained.html","TCP/IP Model Explained | Networking Tutorial | MJ Tech Hub","Learn the practical 4-layer network model that drives the Internet.","https://mjtechhub.github.io/index/tutorials/networking/tcp-ip-model-explained.html","","1","https://mjtechhub.github.io/index/tutorials/networking/tcp-ip-model-explained.html"
"tutorials/networking/tcp-vs-udp.html","TCP vs UDP | Networking Tutorial | MJ Tech Hub","Understand the differences between TCP and UDP.","https://mjtechhub.github.io/index/tutorials/networking/tcp-vs-udp.html","","1","https://mjtechhub.github.io/index/tutorials/networking/tcp-vs-udp.html"
"tutorials/networking/traceroute-explained.html","Traceroute Explained | Networking Tutorial | MJ Tech Hub","Traceroute is a utility that records the route (the specific gateway computers at each hop) through the internet between your computer and a specified...","https://mjtechhub.github.io/index/tutorials/networking/traceroute-explained.html","","1","https://mjtechhub.github.io/index/tutorials/networking/traceroute-explained.html"
"tutorials/networking/unicast-vs-broadcast-vs-multicast.html","Unicast vs Broadcast vs Multicast | Networking Tutorial | MJ Tech Hub","Learn about Unicast vs Broadcast vs Multicast in this Networking tutorial.","https://mjtechhub.github.io/index/tutorials/networking/unicast-vs-broadcast-vs-multicast.html","","1","https://mjtechhub.github.io/index/tutorials/networking/unicast-vs-broadcast-vs-multicast.html"
"tutorials/networking/vpn-troubleshooting-workflow.html","VPN Troubleshooting Workflow | Networking Tutorial | MJ Tech Hub","Learn about VPN Troubleshooting Workflow in this Networking tutorial.","https://mjtechhub.github.io/index/tutorials/networking/vpn-troubleshooting-workflow.html","","1","https://mjtechhub.github.io/index/tutorials/networking/vpn-troubleshooting-workflow.html"
"tutorials/networking/vrrp-hsrp-gateway-redundancy.html","VRRP / HSRP & Gateway Redundancy | Networking Tutorial | MJ Tech Hub","Learn about VRRP / HSRP & Gateway Redundancy in this Networking tutorial.","https://mjtechhub.github.io/index/tutorials/networking/vrrp-hsrp-gateway-redundancy.html","","1","https://mjtechhub.github.io/index/tutorials/networking/vrrp-hsrp-gateway-redundancy.html"
"tutorials/networking/what-is-a-computer-network.html","What Is a Computer Network? | Networking Tutorial | MJ Tech Hub","A computer network is a group of computers connected together to communicate and share resources, such as internet connections, printers, or files.","https://mjtechhub.github.io/index/tutorials/networking/what-is-a-computer-network.html","","1","https://mjtechhub.github.io/index/tutorials/networking/what-is-a-computer-network.html"
"tutorials/networking/what-is-a-default-gateway.html","What Is a Default Gateway? | Networking Tutorial | MJ Tech Hub","A Default Gateway is the device (usually a router) that traffic is sent to when the destination IP address is outside the local network (LAN).","https://mjtechhub.github.io/index/tutorials/networking/what-is-a-default-gateway.html","","1","https://mjtechhub.github.io/index/tutorials/networking/what-is-a-default-gateway.html"
"tutorials/networking/what-is-a-mac-address.html","What Is a MAC Address? | Networking Tutorial | MJ Tech Hub","Learn about the 48-bit physical address used in Layer 2 networks.","https://mjtechhub.github.io/index/tutorials/networking/what-is-a-mac-address.html","","1","https://mjtechhub.github.io/index/tutorials/networking/what-is-a-mac-address.html"
"tutorials/networking/what-is-a-subnet-mask.html","What Is a Subnet Mask? | Networking Tutorial | MJ Tech Hub","Learn how subnet masks divide IP addresses into network and host portions.","https://mjtechhub.github.io/index/tutorials/networking/what-is-a-subnet-mask.html","","1","https://mjtechhub.github.io/index/tutorials/networking/what-is-a-subnet-mask.html"
"tutorials/networking/what-is-an-ip-address.html","What Is an IP Address? | Networking Tutorial | MJ Tech Hub","An IP (Internet Protocol) address is a unique numerical label assigned to every device connected to a computer network that uses the Internet Protocol...","https://mjtechhub.github.io/index/tutorials/networking/what-is-an-ip-address.html","","1","https://mjtechhub.github.io/index/tutorials/networking/what-is-an-ip-address.html"
"tutorials/networking/what-is-arp.html","What Is ARP? | Networking Tutorial | MJ Tech Hub","Understand how the Address Resolution Protocol maps IP addresses to MAC addresses.","https://mjtechhub.github.io/index/tutorials/networking/what-is-arp.html","","1","https://mjtechhub.github.io/index/tutorials/networking/what-is-arp.html"
"tutorials/networking/what-is-dhcp.html","What Is DHCP? | Networking Tutorial | MJ Tech Hub","DHCP (Dynamic Host Configuration Protocol) automatically assigns IP addresses and network settings (like Subnet Mask and Default Gateway) to devices o...","https://mjtechhub.github.io/index/tutorials/networking/what-is-dhcp.html","","1","https://mjtechhub.github.io/index/tutorials/networking/what-is-dhcp.html"
"tutorials/networking/what-is-dns.html","What Is DNS? | Networking Tutorial | MJ Tech Hub","Learn how the Domain Name System works.","https://mjtechhub.github.io/index/tutorials/networking/what-is-dns.html","","1","https://mjtechhub.github.io/index/tutorials/networking/what-is-dns.html"
"tutorials/networking/what-is-nat.html","What Is NAT? | Networking Tutorial | MJ Tech Hub","Learn how Network Address Translation allows private IP addresses to access the Internet.","https://mjtechhub.github.io/index/tutorials/networking/what-is-nat.html","","1","https://mjtechhub.github.io/index/tutorials/networking/what-is-nat.html"
"tutorials/networking/what-is-routing.html","What Is Routing? | Networking Tutorial | MJ Tech Hub","Learn how routers forward packets between different IP networks.","https://mjtechhub.github.io/index/tutorials/networking/what-is-routing.html","","1","https://mjtechhub.github.io/index/tutorials/networking/what-is-routing.html"
"tutorials/networking/what-is-vlan.html","What Is VLAN? | Networking Tutorial | MJ Tech Hub","Learn VLAN concepts, types, benefits and practical use cases.","https://mjtechhub.github.io/index/tutorials/networking/what-is-vlan.html","","1","https://mjtechhub.github.io/index/tutorials/networking/what-is-vlan.html"
"tutorials/networking/wi-fi-2-4-ghz-vs-5-ghz-vs-6-ghz.html","Wi-Fi: 2.4 GHz vs 5 GHz vs 6 GHz | Networking Tutorial | MJ Tech Hub","Compare the physical characteristics, range, and capacity of different Wi-Fi bands.","https://mjtechhub.github.io/index/tutorials/networking/wi-fi-2-4-ghz-vs-5-ghz-vs-6-ghz.html","","1","https://mjtechhub.github.io/index/tutorials/networking/wi-fi-2-4-ghz-vs-5-ghz-vs-6-ghz.html"
"tutorials/networking/wireshark-basics.html","Wireshark Basics | Networking Tutorial | MJ Tech Hub","Learn about Wireshark Basics in this Networking tutorial.","https://mjtechhub.github.io/index/tutorials/networking/wireshark-basics.html","","1","https://mjtechhub.github.io/index/tutorials/networking/wireshark-basics.html"
